{
  "top_med": 187.86412048339844,
  "bottom_med": 197.44097900390625
}
