{
  "top_med": 130.85525512695312,
  "bottom_med": 147.803955078125
}
